{"round_1": {"Kitsune-Client-8": 0.8237858827266349, "Kitsune-Client-2": 0.8553986645468998, "Kitsune-Client-1": 0.8407749580416439, "Kitsune-Client-10": 0.8137699692239918, "Kitsune-Client-5": 0.8418876888381078, "Kitsune-Client-7": 0.8115257300627587, "Kitsune-Client-6": 0.850224474544653, "Kitsune-Client-4": 0.8237012171125935, "Kitsune-Client-9": 0.8306253776403734, "Kitsune-Client-3": 0.8116110685991509, "global_loss": 0.7423072874546051, "join_clients": [7, 10, 1, 3, 5]}}
{"round_2": {"Kitsune-Client-8": 0.8416254706796482, "Kitsune-Client-2": 0.8545228616852145, "Kitsune-Client-1": 0.856313387927064, "Kitsune-Client-10": 0.837143623410977, "Kitsune-Client-5": 0.8510787525084172, "Kitsune-Client-7": 0.832199150236406, "Kitsune-Client-6": 0.8710955757392795, "Kitsune-Client-4": 0.8313032318835769, "Kitsune-Client-9": 0.8461103171090911, "Kitsune-Client-3": 0.8298100599292366, "global_loss": 0.7903306159106168, "join_clients": [8, 7, 5, 4, 3]}}
{"round_3": {"Kitsune-Client-8": 0.8423552377371996, "Kitsune-Client-2": 0.8524367567567569, "Kitsune-Client-1": 0.8539201689404772, "Kitsune-Client-10": 0.8432090871823739, "Kitsune-Client-5": 0.850852063101811, "Kitsune-Client-7": 0.8396942448737088, "Kitsune-Client-6": 0.8676220818181493, "Kitsune-Client-4": 0.8388483500783118, "Kitsune-Client-9": 0.8473166934923042, "Kitsune-Client-3": 0.8398831215732623, "global_loss": 0.47249579429626465, "join_clients": [10, 4, 3, 8, 2]}}
