{"round_1": {"Kitsune-Client-8": 0.8324536256154269, "Kitsune-Client-2": 0.8815358982511924, "Kitsune-Client-1": 0.8710476377471679, "Kitsune-Client-10": 0.8545588874136528, "Kitsune-Client-5": 0.858309992438615, "Kitsune-Client-7": 0.8543239586401785, "Kitsune-Client-6": 0.8693174533364186, "Kitsune-Client-4": 0.8682196271061612, "Kitsune-Client-9": 0.8590954457218722, "Kitsune-Client-3": 0.8552798591801841, "global_loss": 2.6721479654312135, "join_clients": [7, 10, 1, 3, 5]}}
{"round_2": {"Kitsune-Client-8": 0.8722887545509922, "Kitsune-Client-2": 0.9201455007949124, "Kitsune-Client-1": 0.9131276651519534, "Kitsune-Client-10": 0.8957837480650273, "Kitsune-Client-5": 0.9030910393785363, "Kitsune-Client-7": 0.8922847257240715, "Kitsune-Client-6": 0.9097713981272761, "Kitsune-Client-4": 0.9096371736941841, "Kitsune-Client-9": 0.9024612565591534, "Kitsune-Client-3": 0.8979061386428666, "global_loss": 2.8687731623649597, "join_clients": [8, 7, 5, 4, 3]}}
{"round_3": {"Kitsune-Client-8": 0.8848495936021744, "Kitsune-Client-2": 0.9274856597774245, "Kitsune-Client-1": 0.9202540582372583, "Kitsune-Client-10": 0.9080992500769911, "Kitsune-Client-5": 0.912701757375393, "Kitsune-Client-7": 0.9019341857597196, "Kitsune-Client-6": 0.9213059519850763, "Kitsune-Client-4": 0.9150707967259182, "Kitsune-Client-9": 0.9091419285232357, "Kitsune-Client-3": 0.9067432387042353, "global_loss": 1.7879554867744445, "join_clients": [10, 4, 3, 8, 2]}}
