{"round_1": {"Kitsune-Client-8": 0.8324561385873881, "Kitsune-Client-2": 0.8815358982511924, "Kitsune-Client-1": 0.8710476377471679, "Kitsune-Client-10": 0.8545583775394285, "Kitsune-Client-5": 0.8583104995737529, "Kitsune-Client-7": 0.8543249571872924, "Kitsune-Client-6": 0.8693184749522778, "Kitsune-Client-4": 0.868220680746462, "Kitsune-Client-9": 0.8590949275189586, "Kitsune-Client-3": 0.8552803642727802, "global_loss": 2.672096908092499, "join_clients": [7, 10, 1, 3, 5]}}
{"round_2": {"Kitsune-Client-8": 0.8722932779005225, "Kitsune-Client-2": 0.9201516057233704, "Kitsune-Client-1": 0.9131302761261915, "Kitsune-Client-10": 0.8957857875619242, "Kitsune-Client-5": 0.9030976321353279, "Kitsune-Client-7": 0.8922857242711855, "Kitsune-Client-6": 0.9097749737827832, "Kitsune-Client-4": 0.909637173694184, "Kitsune-Client-9": 0.9024638475737221, "Kitsune-Client-3": 0.8979127048466159, "global_loss": 2.868639373779297, "join_clients": [8, 7, 5, 4, 3]}}
{"round_3": {"Kitsune-Client-8": 0.8848551221404892, "Kitsune-Client-2": 0.9274973608903021, "Kitsune-Client-1": 0.9202598023805819, "Kitsune-Client-10": 0.9081028191965606, "Kitsune-Client-5": 0.9127007431051175, "Kitsune-Client-7": 0.9019331872126057, "Kitsune-Client-6": 0.9213120816802312, "Kitsune-Client-4": 0.9150729040065199, "Kitsune-Client-9": 0.9091440013348908, "Kitsune-Client-3": 0.9067482896301964, "global_loss": 1.7878266096115112, "join_clients": [10, 4, 3, 8, 2]}}
