{"round_1": {"Kitsune-Client-8": 0.8237587426294531, "Kitsune-Client-2": 0.8555253418124007, "Kitsune-Client-1": 0.8407877518154104, "Kitsune-Client-10": 0.813709549128421, "Kitsune-Client-5": 0.8420066120279269, "Kitsune-Client-7": 0.8114303688133764, "Kitsune-Client-6": 0.850151939818653, "Kitsune-Client-4": 0.8238397708121618, "Kitsune-Client-9": 0.8306748660186365, "Kitsune-Client-3": 0.8116560218402038, "global_loss": 0.7419118702411651, "join_clients": [7, 10, 1, 3, 5]}}
{"round_2": {"Kitsune-Client-8": 0.8422602473970636, "Kitsune-Client-2": 0.854808521462639, "Kitsune-Client-1": 0.8567509872093594, "Kitsune-Client-10": 0.8386161401705428, "Kitsune-Client-5": 0.8515306099162163, "Kitsune-Client-7": 0.8331487685417717, "Kitsune-Client-6": 0.8717621800873788, "Kitsune-Client-4": 0.8317699945368751, "Kitsune-Client-9": 0.8467715440270378, "Kitsune-Client-3": 0.8305858821568464, "global_loss": 0.7835848819125782, "join_clients": [8, 7, 5, 4, 3]}}
{"round_3": {"Kitsune-Client-8": 0.8427829455650065, "Kitsune-Client-2": 0.8522296979332273, "Kitsune-Client-1": 0.8540313964430175, "Kitsune-Client-10": 0.8447172951376354, "Kitsune-Client-5": 0.8508211278584039, "Kitsune-Client-7": 0.8409159672676255, "Kitsune-Client-6": 0.8681533220649104, "Kitsune-Client-4": 0.8388167408692849, "Kitsune-Client-9": 0.847460753902327, "Kitsune-Client-3": 0.8410491278313597, "global_loss": 0.4627886712551117, "join_clients": [10, 4, 3, 8, 2]}}
