{"round_1": {"Kitsune-Client-8": 0.8237863853210271, "Kitsune-Client-2": 0.8555497615262321, "Kitsune-Client-1": 0.8408637311657373, "Kitsune-Client-10": 0.8137602816137315, "Kitsune-Client-5": 0.8420583398119847, "Kitsune-Client-7": 0.8114892830930995, "Kitsune-Client-6": 0.8501979125323149, "Kitsune-Client-4": 0.8238734873017906, "Kitsune-Client-9": 0.8307292773245806, "Kitsune-Client-3": 0.8117267348036579, "global_loss": 0.741701626777649, "join_clients": [7, 10, 1, 3, 5]}}
{"round_2": {"Kitsune-Client-8": 0.8423587558979453, "Kitsune-Client-2": 0.8548904292527821, "Kitsune-Client-1": 0.8568308830210433, "Kitsune-Client-10": 0.8387782801738467, "Kitsune-Client-5": 0.8516071873220272, "Kitsune-Client-7": 0.8333055404386617, "Kitsune-Client-6": 0.871854125514703, "Kitsune-Client-4": 0.8319016995744872, "Kitsune-Client-9": 0.8468850304651493, "Kitsune-Client-3": 0.8307273080837544, "global_loss": 0.7824374654076316, "join_clients": [8, 7, 5, 4, 3]}}
{"round_3": {"Kitsune-Client-8": 0.8430995800321258, "Kitsune-Client-2": 0.8526829888712242, "Kitsune-Client-1": 0.8543823113806099, "Kitsune-Client-10": 0.8450981711831326, "Kitsune-Client-5": 0.8512083255361307, "Kitsune-Client-7": 0.8412989100858251, "Kitsune-Client-6": 0.8684960741856572, "Kitsune-Client-4": 0.8391636519383557, "Kitsune-Client-9": 0.847885680291603, "Kitsune-Client-3": 0.8413731447317578, "global_loss": 0.46374413967132566, "join_clients": [10, 4, 3, 8, 2]}}
