{"round_1": {"Kitsune-Client-8": 0.8329155098619071, "Kitsune-Client-2": 0.8828026709062003, "Kitsune-Client-1": 0.8716168301310605, "Kitsune-Client-10": 0.854869910690431, "Kitsune-Client-5": 0.8591954503892516, "Kitsune-Client-7": 0.8547398535131383, "Kitsune-Client-6": 0.8697225240245738, "Kitsune-Client-4": 0.8689766676623567, "Kitsune-Client-9": 0.8602598476690715, "Kitsune-Client-3": 0.8564764235403456, "global_loss": 2.691094088554382, "join_clients": [7, 10, 1, 3, 5]}}
{"round_2": {"Kitsune-Client-8": 0.8699431465223484, "Kitsune-Client-2": 0.9196230206677265, "Kitsune-Client-1": 0.9128702230920827, "Kitsune-Client-10": 0.8935005312889417, "Kitsune-Client-5": 0.9022704947255411, "Kitsune-Client-7": 0.8907444668008048, "Kitsune-Client-6": 0.9088662464760638, "Kitsune-Client-4": 0.9089238592104757, "Kitsune-Client-9": 0.9008527547148693, "Kitsune-Client-3": 0.8968211997464436, "global_loss": 2.8797460913658144, "join_clients": [8, 7, 5, 4, 3]}}
{"round_3": {"Kitsune-Client-8": 0.8815892637796304, "Kitsune-Client-2": 0.926687440381558, "Kitsune-Client-1": 0.9187344712307192, "Kitsune-Client-10": 0.9053377712785811, "Kitsune-Client-5": 0.9108486855817931, "Kitsune-Client-7": 0.8988736388554653, "Kitsune-Client-6": 0.9182181180507774, "Kitsune-Client-4": 0.9149612181346246, "Kitsune-Client-9": 0.9071059092751066, "Kitsune-Client-3": 0.9040803905375953, "global_loss": 1.884288215637207, "join_clients": [10, 4, 3, 8, 2]}}
