{"round_1": {"Kitsune-Client-8": 0.8285577651838791, "Kitsune-Client-2": 0.8638087122416535, "Kitsune-Client-1": 0.8469039589680176, "Kitsune-Client-10": 0.8172376238229554, "Kitsune-Client-5": 0.8484203501159564, "Kitsune-Client-7": 0.8157480865340928, "Kitsune-Client-6": 0.8533863756287408, "Kitsune-Client-4": 0.8323813693214714, "Kitsune-Client-9": 0.8378895460853397, "Kitsune-Client-3": 0.8153858781161056, "global_loss": 0.7407820045948028, "join_clients": [10, 5, 1, 6, 8]}}
{"round_2": {"Kitsune-Client-8": 0.8588634531451353, "Kitsune-Client-2": 0.8820950079491257, "Kitsune-Client-1": 0.8766481774877624, "Kitsune-Client-10": 0.8564082012249218, "Kitsune-Client-5": 0.8762166805875261, "Kitsune-Client-7": 0.8532450284835564, "Kitsune-Client-6": 0.885948848715548, "Kitsune-Client-4": 0.8591501548061011, "Kitsune-Client-9": 0.8778492091705332, "Kitsune-Client-3": 0.8490768170074778, "global_loss": 0.6057592362165451, "join_clients": [1, 10, 5, 7, 8]}}
{"round_3": {"Kitsune-Client-8": 0.8622298303844445, "Kitsune-Client-2": 0.8837937042925279, "Kitsune-Client-1": 0.8787333015142607, "Kitsune-Client-10": 0.8644922570500309, "Kitsune-Client-5": 0.8756585783683535, "Kitsune-Client-7": 0.8590985116655268, "Kitsune-Client-6": 0.8868396977447319, "Kitsune-Client-4": 0.8642205353441006, "Kitsune-Client-9": 0.876420264635864, "Kitsune-Client-3": 0.8564218735399667, "global_loss": 0.48888329565525057, "join_clients": [6, 3, 2, 10, 5]}}
