{"round_1": {"Kitsune-Client-8": 0.8720485144314954, "Kitsune-Client-2": 0.8572433704292528, "Kitsune-Client-1": 0.8941192505041791, "Kitsune-Client-10": 0.8881279865882685, "Kitsune-Client-5": 0.8827949840277787, "Kitsune-Client-7": 0.8790494830022317, "Kitsune-Client-6": 0.8926378785533714, "Kitsune-Client-4": 0.8990380790872947, "Kitsune-Client-9": 0.8918645251758521, "Kitsune-Client-3": 0.8807683468571876, "global_loss": 2.651098668575287, "join_clients": [10, 5, 1, 6, 8]}}
{"round_2": {"Kitsune-Client-8": 0.8986468148582986, "Kitsune-Client-2": 0.9046038791732909, "Kitsune-Client-1": 0.9230441453080271, "Kitsune-Client-10": 0.9138389042191073, "Kitsune-Client-5": 0.9134457246225773, "Kitsune-Client-7": 0.9035678088381405, "Kitsune-Client-6": 0.9267281781575465, "Kitsune-Client-4": 0.9182843996436588, "Kitsune-Client-9": 0.9190681053361427, "Kitsune-Client-3": 0.9097945030772766, "global_loss": 2.1150277614593507, "join_clients": [1, 10, 5, 7, 8]}}
{"round_3": {"Kitsune-Client-8": 0.9046171336438698, "Kitsune-Client-2": 0.9183236883942767, "Kitsune-Client-1": 0.9294201443973193, "Kitsune-Client-10": 0.9245299469526856, "Kitsune-Client-5": 0.922994064997482, "Kitsune-Client-7": 0.9116854976009906, "Kitsune-Client-6": 0.9358542726273866, "Kitsune-Client-4": 0.9255798050870807, "Kitsune-Client-9": 0.9274106540446256, "Kitsune-Client-3": 0.9192543823096369, "global_loss": 1.8606788158416747, "join_clients": [6, 3, 2, 10, 5]}}
