{"round_1": {"Kitsune-Client-8": 0.8697064245635973, "Kitsune-Client-2": 0.859213227344992, "Kitsune-Client-1": 0.8944727764160098, "Kitsune-Client-10": 0.8861002167985201, "Kitsune-Client-5": 0.8806117672594569, "Kitsune-Client-7": 0.876707390746464, "Kitsune-Client-6": 0.8900976307195801, "Kitsune-Client-4": 0.8999594875304304, "Kitsune-Client-9": 0.8903855740600057, "Kitsune-Client-3": 0.8770639977573889, "global_loss": 2.7370320081710817, "join_clients": [10, 5, 1, 6, 8]}}
{"round_2": {"Kitsune-Client-8": 0.8960277954802691, "Kitsune-Client-2": 0.9032826709062003, "Kitsune-Client-1": 0.9226514547826259, "Kitsune-Client-10": 0.9117127287040832, "Kitsune-Client-5": 0.9114521763958008, "Kitsune-Client-7": 0.9011767877737891, "Kitsune-Client-6": 0.9237195194523322, "Kitsune-Client-4": 0.9175874165846144, "Kitsune-Client-9": 0.9181602138312505, "Kitsune-Client-3": 0.906145714163049, "global_loss": 2.2228243827819822, "join_clients": [1, 10, 5, 7, 8]}}
{"round_3": {"Kitsune-Client-8": 0.9034450835211361, "Kitsune-Client-2": 0.9165329093799682, "Kitsune-Client-1": 0.9295700143185828, "Kitsune-Client-10": 0.9229309813855119, "Kitsune-Client-5": 0.9222957399127019, "Kitsune-Client-7": 0.9107833102835374, "Kitsune-Client-6": 0.9340036154985256, "Kitsune-Client-4": 0.9267446044397241, "Kitsune-Client-9": 0.9273945897542992, "Kitsune-Client-3": 0.9179174022077597, "global_loss": 1.8679496049880981, "join_clients": [6, 3, 2, 10, 5]}}
