{"round_1": {"Kitsune-Client-8": 0.8286077733259083, "Kitsune-Client-2": 0.8638885850556439, "Kitsune-Client-1": 0.8469707999085114, "Kitsune-Client-10": 0.8173023778494322, "Kitsune-Client-5": 0.8484852634135978, "Kitsune-Client-7": 0.8158055029931448, "Kitsune-Client-6": 0.8534394996534167, "Kitsune-Client-4": 0.8324622362145653, "Kitsune-Client-9": 0.8379646855078337, "Kitsune-Client-3": 0.8154399230238883, "global_loss": 0.7405394375324249, "join_clients": [10, 5, 1, 6, 8]}}
{"round_2": {"Kitsune-Client-8": 0.8589735213170386, "Kitsune-Client-2": 0.8821420667726549, "Kitsune-Client-1": 0.8767043134338801, "Kitsune-Client-10": 0.8567493070809292, "Kitsune-Client-5": 0.8763153183718324, "Kitsune-Client-7": 0.8534971616298286, "Kitsune-Client-6": 0.8860773169098368, "Kitsune-Client-4": 0.8592910791963464, "Kitsune-Client-9": 0.8779746142756611, "Kitsune-Client-3": 0.8493126952498566, "global_loss": 0.6042976379394531, "join_clients": [1, 10, 5, 7, 8]}}
{"round_3": {"Kitsune-Client-8": 0.8620096940406378, "Kitsune-Client-2": 0.8823819395866455, "Kitsune-Client-1": 0.8778936121993071, "Kitsune-Client-10": 0.864645729191523, "Kitsune-Client-5": 0.8741239874413054, "Kitsune-Client-7": 0.8589632085315866, "Kitsune-Client-6": 0.8875813908584791, "Kitsune-Client-4": 0.8643835861806646, "Kitsune-Client-9": 0.8749933929128497, "Kitsune-Client-3": 0.8566133036338885, "global_loss": 0.4639080762863159, "join_clients": [6, 3, 2, 10, 5]}}
