{"round_1": {"Kitsune-Client-8": 0.8720485144314953, "Kitsune-Client-2": 0.8572438791732908, "Kitsune-Client-1": 0.8941187283093315, "Kitsune-Client-10": 0.8881279865882683, "Kitsune-Client-5": 0.8827949840277787, "Kitsune-Client-7": 0.8790504815493456, "Kitsune-Client-6": 0.8926373677454418, "Kitsune-Client-4": 0.8990380790872947, "Kitsune-Client-9": 0.8918645251758521, "Kitsune-Client-3": 0.8807693570423797, "global_loss": 2.6510576725006105, "join_clients": [10, 5, 1, 6, 8]}}
{"round_2": {"Kitsune-Client-8": 0.8986483226414753, "Kitsune-Client-2": 0.9046069316375199, "Kitsune-Client-1": 0.923043100918332, "Kitsune-Client-10": 0.9138414535902284, "Kitsune-Client-5": 0.9134472460279908, "Kitsune-Client-7": 0.9035693066588115, "Kitsune-Client-6": 0.9267307321971944, "Kitsune-Client-4": 0.9182838728235084, "Kitsune-Client-9": 0.9190701781477977, "Kitsune-Client-3": 0.9097970285402572, "global_loss": 2.114938461780548, "join_clients": [1, 10, 5, 7, 8]}}
{"round_3": {"Kitsune-Client-8": 0.9046206518046154, "Kitsune-Client-2": 0.9183257233704293, "Kitsune-Client-1": 0.9294217109818621, "Kitsune-Client-10": 0.9245340259464796, "Kitsune-Client-5": 0.9229971078083091, "Kitsune-Client-7": 0.9116899910630032, "Kitsune-Client-6": 0.9358583590908232, "Kitsune-Client-4": 0.925581385547532, "Kitsune-Client-9": 0.9274142814650219, "Kitsune-Client-3": 0.9192654943467511, "global_loss": 1.8605449438095092, "join_clients": [6, 3, 2, 10, 5]}}
