{"round_1": {"Kitsune-Client-8": 0.8284632774381356, "Kitsune-Client-2": 0.8641083624801272, "Kitsune-Client-1": 0.8468465175347808, "Kitsune-Client-10": 0.816948525137819, "Kitsune-Client-5": 0.8484761349811167, "Kitsune-Client-7": 0.815510432320973, "Kitsune-Client-6": 0.8532704222287265, "Kitsune-Client-4": 0.8325639125036022, "Kitsune-Client-9": 0.8378423896201884, "Kitsune-Client-3": 0.8153164278841418, "global_loss": 0.7408918023109436, "join_clients": [10, 5, 1, 6, 8]}}
{"round_2": {"Kitsune-Client-8": 0.8587945977133966, "Kitsune-Client-2": 0.882390588235294, "Kitsune-Client-1": 0.8771949154932079, "Kitsune-Client-10": 0.8548648119481888, "Kitsune-Client-5": 0.8763239396691755, "Kitsune-Client-7": 0.8529439665287007, "Kitsune-Client-6": 0.8856193776009702, "Kitsune-Client-4": 0.8599585603269657, "Kitsune-Client-9": 0.8780171069145888, "Kitsune-Client-3": 0.8489101364507649, "global_loss": 0.6074955999851227, "join_clients": [1, 10, 5, 7, 8]}}
{"round_3": {"Kitsune-Client-8": 0.8625756153263144, "Kitsune-Client-2": 0.88508693163752, "Kitsune-Client-1": 0.8806085032120204, "Kitsune-Client-10": 0.8650143682556387, "Kitsune-Client-5": 0.8772104118900874, "Kitsune-Client-7": 0.8598264525115956, "Kitsune-Client-6": 0.8875936502487889, "Kitsune-Client-4": 0.866064405870673, "Kitsune-Client-9": 0.8778613869390065, "Kitsune-Client-3": 0.8573744781762117, "global_loss": 0.4924174755811691, "join_clients": [6, 3, 2, 10, 5]}}
